{
    "name": "jquery.fancylike",
    "title": "jQuery Fancylike",
    "description": "This jQuery plugin keeps allows to create Fcacebook like button with custom graphics instead of the standard Facebook one",
    "version": "0.0.2",
    "keywords": ["facebook", "like", "button", "custom"],
    "author": {
        "email": "tiziano.treccani@gmail.com",
        "name": "Tiziano Treccani"
    },
    "licenses": [{
		"type": "LGPLv3",
		"url": "http://www.gnu.org/copyleft/lgpl.html"
    }],
    "dependencies": {
        "jquery": ">=1.8"
    },
    "docs": "https://github.com/openproj/jquery-fancylike",
    "homepage": "https://github.com/openproj/jquery-fancylike",
    "bugs": "https://github.com/openproj/jquery-fancylike/issues",
    "download": "https://github.com/jcubic/jquery.fancylike/releases/jquery.fancylike-0.0.2.zip",
}
